percentiles,relative_errors
0.1,0.11737302332286101
0.2,0.09141646112177233
0.3,0.07677916921832018
0.4,0.06730272837662707
0.5,0.061074384679902415
