percentiles,relative_errors
0.1,0.11784678690348407
0.2,0.0919386427161798
0.3,0.07731798652224332
0.4,0.0679448947981171
0.5,0.06179237434782138
