percentiles,relative_errors
0.1,0.11768375361080279
0.2,0.09183795879891896
0.3,0.0768776721651928
0.4,0.06724561345114313
0.5,0.060959917878822566
